{
  "ans": [
    {
      "scID": 29,
      "id": 9,
      "det": [
        {
          "label": "MILD_CONFLICT",
          "sev": "Mild",
          "scr": 25,
          "rsn": "Небольшой конфликт, без насилия.",
          "adv": "Уточнить детали конфликта, если требуется.",
          "ok": true,
          "suggest": null
        }
      ]
    },
    "{\"scID\":29,\"id\":12,\"det\":[{\"label\":\"ALCOHOL_USE\",\"sev\":\"Mild\",\"scr\":40,\"rsn\":\"Показ употребления алкоголя без пропаганды злоупотребления.\",\"adv\":\"Убедиться, что сцена не поощряет чрезмерное потребление.\",\"ok\":true,\"suggest\":null}]}",
    "{\"scID\":30,\"id\":3,\"det\":[{\"label\":\"MILD_CONFLICT\",\"sev\":\"Mild\",\"scr\":25,\"rsn\":\"Небольшой конфликт, без насилия.\",\"adv\":\"Уточнить детали конфликта, если требуется.\",\"ok\":true,\"suggest\":null}]}"
  ]
}