{
  "ans": [
    {
      "scID": 33,
      "id": 1,
      "det": [
        {
          "label": "VIOLENCE_NON_GRAPHIC",
          "sev": "Mild",
          "scr": 40,
          "rsn": "Нарисована агрессия без физического насилия.",
          "adv": "Никаких изменений не требуется.",
          "ok": true,
          "suggest": null
        }
      ]
    },
    {
      "scID": 33,
      "id": 2,
      "det": [
        {
          "label": "WEAPONS_USAGE",
          "sev": "Moderate",
          "scr": 55,
          "rsn": "Появление оружия (бита) в сцене.",
          "adv": "Убедитесь, что сцена не содержит инструкций по применению оружия.",
          "ok": true,
          "suggest": null
        }
      ]
    },
    {
      "scID": 33,
      "id": 4,
      "det": [
        {
          "label": "MILD_CONFLICT",
          "sev": "Mild",
          "scr": 25,
          "rsn": "Небольшой конфликт без насилия.",
          "adv": "Никаких изменений не требуется.",
          "ok": true,
          "suggest": null
        }
      ]
    }
  ]
}