{
  "ans": [
    {
      "scID": 32,
      "id": 27,
      "det": [
        {
          "label": "WEAPONS_USAGE",
          "sev": "Moderate",
          "scr": 55,
          "rsn": "Использование оружия (бита) в сцене, но без графического насилия.",
          "adv": "Убедитесь, что сцена не содержит чрезмерного насилия и не пропагандирует его.",
          "ok": true,
          "suggest": null
        },
        {
          "label": "VIOLENCE_NON_GRAPHIC",
          "sev": "Mild",
          "scr": 40,
          "rsn": "Наличие некровавого насилия (отталкивание).",
          "adv": "Сцена допустима, но избегайте излишней агрессии.",
          "ok": true,
          "suggest": null
        }
      ]
    },
    {
      "scID": 32,
      "id": 28,
      "det": [
        {
          "label": "VIOLENCE_NON_GRAPHIC",
          "sev": "Mild",
          "scr": 40,
          "rsn": "Наличие некровавого насилия (отталкивание).",
          "adv": "Сцена допустима, но избегайте излишней агрессии.",
          "ok": true,
          "suggest": null
        }
      ]
    },
    {
      "scID": 33,
      "id": 0,
      "det": [
        {
          "label": "MILD_CONFLICT",
          "sev": "Mild",
          "scr": 25,
          "rsn": "Мягкий конфликт без насилия.",
          "adv": "Можно оставить, но убедитесь, что не переходите к более жестоким действиям.",
          "ok": true,
          "suggest": null
        }
      ]
    }
  ]
}