{
  "ans": [
    {
      "scID": 34,
      "id": 1,
      "det": [
        {
          "label": "VIOLENCE_NON_GRAPHIC",
          "sev": "Mild",
          "scr": 40,
          "rsn": "Незначительное насилие без крови и жестокости.",
          "adv": "Убедитесь, что сцена не содержит кровавых деталей и не усиливает конфликт.",
          "ok": true,
          "suggest": null
        }
      ]
    },
    "{\"scID\":34,\"id\":7,\"det\":[{\"label\":\"VIOLENCE_NON_GRAPHIC\",\"sev\":\"Mild\",\"scr\":40,\"rsn\":\"Незначительное насилие без крови и жестокости.\",\"adv\":\"Убедитесь, что сцена не содержит кровавых деталей и не усиливает конфликт.\",\"ok\":true,\"suggest\":null}]}",
    "{\"scID\":35,\"id\":0,\"det\":[{\"label\":\"MILD_CONFLICT\",\"sev\":\"Mild\",\"scr\":25,\"rsn\":\"Небольшой конфликт без насилия.\",\"adv\":\"Старайтесь избегать обострения конфликта и не переходить к агрессии.\",\"ok\":true,\"suggest\":null}]}"
  ]
}