{
  "ans": [
    {
      "scID": 5,
      "id": 3,
      "det": [
        {
          "label": "MILD_CONFLICT",
          "sev": "Mild",
          "scr": 25,
          "rsn": "Небольшой конфликт без насилия, сцена не содержит кровавых или жестоких элементов.",
          "adv": "Убедитесь, что в диалогах и действиях нет скрытого насилия или угроз.",
          "ok": true,
          "suggest": null
        }
      ]
    },
    {
      "scID": 6,
      "id": 1,
      "det": [
        {
          "label": "MILD_CONFLICT",
          "sev": "Mild",
          "scr": 25,
          "rsn": "Небольшой конфликт без насилия, сцена не содержит кровавых или жестоких элементов.",
          "adv": "Убедитесь, что в диалогах и действиях нет скрытого насилия или угроз.",
          "ok": true,
          "suggest": null
        }
      ]
    },
    {
      "scID": 7,
      "id": 7,
      "det": [
        {
          "label": "MILD_CONFLICT",
          "sev": "Mild",
          "scr": 25,
          "rsn": "Небольшой конфликт без насилия, сцена не содержит кровавых или жестоких элементов.",
          "adv": "Убедитесь, что в диалогах и действиях нет скрытого насилия или угроз.",
          "ok": true,
          "suggest": null
        }
      ]
    }
  ]
}