{
  "ans": [
    {
      "scID": 26,
      "id": 21,
      "det": [
        {
          "label": "WEAPONS_USAGE",
          "sev": "Mild",
          "scr": 45,
          "rsn": "Упоминание баллончика как оружия, но без графического насилия.",
          "adv": "Убедитесь, что сцена не содержит кровавых или жестоких деталей.",
          "ok": true,
          "suggest": null
        },
        {
          "label": "VIOLENCE_NON_GRAPHIC",
          "sev": "Mild",
          "scr": 32,
          "rsn": "Сцена самопритыкания баллончиком, без крови и графики.",
          "adv": "Избегайте описания травм или боли.",
          "ok": true,
          "suggest": null
        }
      ]
    },
    {
      "scID": 27,
      "id": 0,
      "det": [
        {
          "label": "MILD_CONFLICT",
          "sev": "Mild",
          "scr": 25,
          "rsn": "Небольшой конфликт вокруг еды, без насилия.",
          "adv": "Убедитесь, что конфликт не приводит к физическому насилию.",
          "ok": true,
          "suggest": null
        }
      ]
    },
    {
      "scID": 28,
      "id": 9,
      "det": [
        {
          "label": "MURDER_HOMICIDE",
          "sev": "Severe",
          "scr": 85,
          "rsn": "Прямая инструкция уничтожить корабль и убить всех, что является призывом к массовому убийству.",
          "adv": "Удалите инструкцию или замените на более безопасный контент.",
          "ok": false,
          "suggest": "CRIME_INSTRUCTIONS"
        }
      ]
    }
  ]
}