{
  "ans": [
    {
      "scID": 21,
      "id": 1,
      "det": [
        {
          "label": "VIOLENCE_NON_GRAPHIC",
          "sev": "Mild",
          "scr": 40,
          "rsn": "Наличие описания насилия без крови и без графических деталей.",
          "adv": "Умеренное описание, можно оставить в сценарии.",
          "ok": true,
          "suggest": null
        }
      ]
    },
    {
      "scID": 21,
      "id": 2,
      "det": [
        {
          "label": "WEAPONS_USAGE",
          "sev": "Mild",
          "scr": 55,
          "rsn": "Упоминание оружия (баллончик) без инструкций по применению.",
          "adv": "Можно оставить, но уточнить контекст использования.",
          "ok": true,
          "suggest": null
        },
        {
          "label": "VIOLENCE_NON_GRAPHIC",
          "sev": "Mild",
          "scr": 40,
          "rsn": "Наличие описания насилия без крови и без графических деталей.",
          "adv": "Умеренное описание, можно оставить в сценарии.",
          "ok": true,
          "suggest": null
        }
      ]
    }
  ]
}