{
  "ans": [
    {
      "scID": 10,
      "id": 12,
      "det": [
        {
          "label": "MILD_CONFLICT",
          "sev": "None",
          "scr": 0,
          "rsn": "Незначительный конфликт без насилия",
          "adv": "Можно оставить как есть",
          "ok": true,
          "suggest": null
        }
      ]
    },
    {
      "scID": 11,
      "id": 0,
      "det": [
        {
          "label": "VIOLENCE_NON_GRAPHIC",
          "sev": "Mild",
          "scr": 40,
          "rsn": "Насилие без крови и графических деталей",
          "adv": "Уменьшить детали, убрать скотч, если возможно",
          "ok": true,
          "suggest": null
        }
      ]
    },
    {
      "scID": 11,
      "id": 7,
      "det": [
        {
          "label": "VIOLENCE_NON_GRAPHIC",
          "sev": "Mild",
          "scr": 40,
          "rsn": "Насилие без крови и графических деталей",
          "adv": "Уменьшить детали, убрать скотч, если возможно",
          "ok": true,
          "suggest": null
        }
      ]
    }
  ]
}