{
  "ans": [
    {
      "scID": 12,
      "id": 10,
      "det": [
        {
          "label": "MILD_CONFLICT",
          "sev": "Mild",
          "scr": 25,
          "rsn": "Небольшой конфликт без насилия.",
          "adv": "Учитывайте, что конфликт может усиливаться; избегайте провокаций.",
          "ok": true,
          "suggest": null
        }
      ]
    },
    {
      "scID": 13,
      "id": 4,
      "det": [
        {
          "label": "ALCOHOL_USE",
          "sev": "Mild",
          "scr": 40,
          "rsn": "Упоминание алкоголя без описания злоупотребления.",
          "adv": "Убедитесь, что употребление не поощряется.",
          "ok": true,
          "suggest": null
        }
      ]
    }
  ]
}