{
  "ans": [
    {
      "scID": 15,
      "id": 7,
      "det": [
        {
          "label": "MILD_CONFLICT",
          "sev": "Mild",
          "scr": 25,
          "rsn": "Небольшой конфликт без насилия.",
          "adv": "Можно оставить, но убедитесь, что конфликт не усиливает напряжение.",
          "ok": true,
          "suggest": null
        }
      ]
    },
    {
      "scID": 16,
      "id": 12,
      "det": [
        {
          "label": "SEX_SUGGESTIVE",
          "sev": "Moderate",
          "scr": 60,
          "rsn": "Содержит сексуальные намёки.",
          "adv": "Уменьшите количество сексуальных намёков, чтобы снизить риск неприемлемого контента.",
          "ok": true,
          "suggest": null
        }
      ]
    }
  ]
}