{
    "scenes": [
        {
            "sceneNumber": 4,
            "page": 1,
            "heading": "8-5. НАТ. ДВОР ШКОЛЫ. - ДЕНЬ",
            "content": [
                "Двор школы затихает после перемены, дети расходятся по коридорам и шепчутся о предстоящем концерте.",
                "Костя зло пинает мусорку, переворачивает ее, вымещает на ней свой гнев.",
                "Учитель наблюдает из окна и решает дать подростку время, чтобы успокоиться самостоятельно."
            ]
        },
        {
            "sceneNumber": 5,
            "page": 2,
            "heading": "8-6. ИНТ. ШКОЛА. АКТОВЫЙ ЗАЛ. СЦЕНА. - ДЕНЬ",
            "content": [
                "В актовом зале стоит гулкий шум: готовится репетиция кампании, свет прожекторов нетерпеливо моргает.",
                "Тут ребенка убить пытались!",
                "Эта фраза заставляет всех обернуться, в воздухе повисает тревожное молчание."
            ]
        },
        {
            "sceneNumber": 8,
            "page": 3,
            "heading": "8-9. ИНТ. ШКОЛА. ХОЛЛ. - ДЕНЬ",
            "content": [
                "Юля, испуганная и запутавшаяся, врывается в холл, где еще звучат отголоски школьного оркестра.",
                "У Юли паника, она пытается убежать.",
                "Володя показывает коллегам, чтобы бежали за ней.",
                "Догоните ее.",
                "Полицейский 1 и Полицейский 2 бегут за Юлей.",
                "Шум шагов отражается от стен, создавая ощущение погони."
            ]
        },
        {
            "sceneNumber": 9,
            "page": 4,
            "heading": "8-10. ИНТ. ШКОЛА. АКТОВЫЙ ЗАЛ. СЦЕНА. - ДЕНЬ",
            "content": [
                "Сцена окутана пылью от декораций, зрители сбиты с толку случившимся.",
                "Может, и правда девчонку угробить хотели...",
                "Стекло выбрось, а гвоздями - люк заколоти!",
                "Намертво!",
                "Голоса звучат напряженно, словно каждый боится, что их услышат посторонние."
            ]
        },
        {
            "sceneNumber": 13,
            "page": 5,
            "heading": "8-14. ИНТ. КВАРТИРА. КУХНЯ. - ДЕНЬ",
            "content": [
                "На кухне пахнет сваренным кофе, на столе лежит раскрытая газета.",
                "Маша могла погибнуть!",
                "Слова повисают в воздухе, и никто не решается первым продолжить разговор."
            ]
        },
        {
            "sceneNumber": 15,
            "page": 6,
            "heading": "8-17. ИНТ. КЛАСС ШКОЛЫ. - ВЕЧЕР",
            "content": [
                "Настенные часы тихо тикают, класс пустеет после собрания.",
                "Вы же все с пистолетами ходите!",
                "Фраза звучит как обвинение, и преподаватель теряется в ответах."
            ]
        },
        {
            "sceneNumber": 18,
            "page": 7,
            "heading": "8-20. НАТ. ДВОР ШКОЛЫ. - ДЕНЬ",
            "content": [
                "Двор наполнен полицейскими машинами и тихими разговорами родителей.",
                "Слушайте, может это маньяк какой-то?",
                "Дежурный инспектор переглядывается с коллегой, решая, как реагировать на панические вопросы."
            ]
        },
        {
            "sceneNumber": 34,
            "page": 8,
            "heading": "8-36. НАТ. У ЗАДНЕГО ФАСАДА ДК. - ДЕНЬ",
            "content": [
                "Ветер шумит в листве, двери служебного входа закрыты на засов.",
                "Начинает ковыряться ножом в замке, ничего не получается.",
                "Попытки открыть дверь становятся все отчаяннее, но металл упорно молчит."
            ]
        },
        {
            "sceneNumber": 47,
            "page": 9,
            "heading": "8-49. ИНТ. БУДКА КИНОМЕХАНИКА. - ДЕНЬ",
            "content": [
                "Проектор гудит, освещая комнату мягким светом киноплёнки.",
                "Юля бросает взгляд на пистолет Володи.",
                "Взгляд длится секунду, но в нем читается страх и решимость."
            ]
        },
        {
            "sceneNumber": 48,
            "page": 10,
            "heading": "8-50. ИНТ. НАД СЦЕНОЙ/СЦЕНА. - ДЕНЬ",
            "content": [
                "Металлические фермы скрипят, декораторы заканчивают работу.",
                "Мы видим, что с одной стороны фермы мужская рука отпиливает трос.",
                "Мы видим, что у другого конца фермы сидит Костя с пилой.",
                "Всё происходит в тишине, нарушаемой только скрежетом металла."
            ]
        },
        {
            "sceneNumber": 49,
            "page": 11,
            "heading": "8-51. ИНТ. БУДКА КИНОМЕХАНИКА. - ДЕНЬ",
            "content": [
                "В тесной будке пахнет пылью и старой плёнкой.",
                "Юля вырывается и бежит к выходу, Володя ее догоняет, хватает.",
                "Происходит небольшая борьба.",
                "Оба едва держатся на ногах, уронив стул и коробки с реквизитом."
            ]
        },
        {
            "sceneNumber": 61,
            "page": 12,
            "heading": "8-63. ИНТ. НАД СЦЕНОЙ / СЦЕНА. - ДЕНЬ",
            "content": [
                "Высоко под потолком слышно эхо шагов.",
                "Никита резко бьёт Костю по руке, Костя роняет гаечный ключ.",
                "Звук металла, падающего на пол, заставляет всех вздрогнуть."
            ]
        },
        {
            "sceneNumber": 62,
            "page": 13,
            "heading": "8-64. ИНТ. НАД СЦЕНОЙ / ЗРИТЕЛЬНЫЙ ЗАЛ. - ДЕНЬ",
            "content": [
                "Под ногами виден весь зал, занавес ещё закрыт.",
                "Никита хватает Костю, Костя бьёт его в лицо.",
                "Они качаются на краю площадки, рискуя сорваться вниз."
            ]
        },
        {
            "sceneNumber": 63,
            "page": 14,
            "heading": "8-65. ИНТ. ЗРИТЕЛЬНЫЙ ЗАЛ / СЦЕНА / ЗА КУЛИСАМИ. - ДЕНЬ",
            "content": [
                "Закулисье гудит от голосов и команд, кто-то проверяет звук.",
                "Он уже скручен и в наручниках.",
                "В кармане вибрирует телефон, и кто-то шепчет: \"Не сейчас\".",
                "(злится) Да пошла ты!..",
                "(злится) Ты издеваешься?",
                "Ссора нарастает, несмотря на попытки коллег их успокоить."
            ]
        },
        {
            "sceneNumber": 67,
            "page": 15,
            "heading": "8-69. НАТ. У ВХОДА В ДК. - ДЕНЬ",
            "content": [
                "Перед входом толпятся прохожие, полицейская лента колышется от ветра.",
                "Юля достаёт пистолет.",
                "Юля стреляет.",
                "Пуля попадает в Никиту, его рубашка окрашивается красным.",
                "Крики сливаются в глухой шум, сирены уже слышны вдалеке."
            ]
        }
    ]
}