{
  "scene_results": [
    {
      "scID": 4,
      "snt": [
        {
          "id": 0,
          "vlc": []
        },
        {
          "id": 1,
          "vlc": []
        },
        {
          "id": 2,
          "vlc": []
        },
        {
          "id": 3,
          "vlc": []
        },
        {
          "id": 4,
          "vlc": []
        },
        {
          "id": 5,
          "vlc": []
        },
        {
          "id": 6,
          "vlc": []
        },
        {
          "id": 7,
          "vlc": []
        },
        {
          "id": 8,
          "vlc": []
        },
        {
          "id": 9,
          "vlc": []
        },
        {
          "id": 10,
          "vlc": []
        },
        {
          "id": 11,
          "vlc": []
        },
        {
          "id": 12,
          "vlc": []
        },
        {
          "id": 13,
          "vlc": []
        },
        {
          "id": 14,
          "vlc": []
        },
        {
          "id": 15,
          "vlc": []
        },
        {
          "id": 16,
          "vlc": []
        },
        {
          "id": 17,
          "vlc": []
        },
        {
          "id": 18,
          "vlc": []
        },
        {
          "id": 19,
          "vlc": []
        },
        {
          "id": 20,
          "vlc": []
        },
        {
          "id": 21,
          "vlc": []
        },
        {
          "id": 22,
          "vlc": []
        },
        {
          "id": 23,
          "vlc": []
        },
        {
          "id": 24,
          "vlc": []
        },
        {
          "id": 25,
          "vlc": [
            {
              "label": "WEAPONS_USAGE",
              "conf": 85
            }
          ]
        },
        {
          "id": 26,
          "vlc": [
            {
              "label": "VIOLENCE_NON_GRAPHIC",
              "conf": 85
            }
          ]
        },
        {
          "id": 27,
          "vlc": [
            {
              "label": "VIOLENCE_NON_GRAPHIC",
              "conf": 85
            }
          ]
        },
        {
          "id": 28,
          "vlc": []
        },
        {
          "id": 29,
          "vlc": []
        },
        {
          "id": 30,
          "vlc": []
        },
        {
          "id": 31,
          "vlc": []
        },
        {
          "id": 32,
          "vlc": []
        },
        {
          "id": 33,
          "vlc": []
        },
        {
          "id": 34,
          "vlc": []
        },
        {
          "id": 35,
          "vlc": []
        },
        {
          "id": 36,
          "vlc": []
        },
        {
          "id": 37,
          "vlc": [
            {
              "label": "DANGEROUS_IMITABLE_ACTS",
              "conf": 85
            }
          ]
        },
        {
          "id": 38,
          "vlc": []
        },
        {
          "id": 39,
          "vlc": []
        },
        {
          "id": 40,
          "vlc": []
        },
        {
          "id": 41,
          "vlc": []
        },
        {
          "id": 42,
          "vlc": []
        },
        {
          "id": 43,
          "vlc": []
        },
        {
          "id": 44,
          "vlc": []
        },
        {
          "id": 45,
          "vlc": []
        },
        {
          "id": 46,
          "vlc": []
        },
        {
          "id": 47,
          "vlc": []
        },
        {
          "id": 48,
          "vlc": []
        },
        {
          "id": 49,
          "vlc": []
        },
        {
          "id": 50,
          "vlc": []
        },
        {
          "id": 51,
          "vlc": []
        },
        {
          "id": 52,
          "vlc": []
        },
        {
          "id": 53,
          "vlc": []
        },
        {
          "id": 54,
          "vlc": []
        },
        {
          "id": 55,
          "vlc": [
            {
              "label": "WEAPONS_USAGE",
              "conf": 85
            }
          ]
        },
        {
          "id": 56,
          "vlc": []
        },
        {
          "id": 57,
          "vlc": []
        },
        {
          "id": 58,
          "vlc": []
        },
        {
          "id": 59,
          "vlc": []
        },
        {
          "id": 60,
          "vlc": []
        },
        {
          "id": 61,
          "vlc": []
        },
        {
          "id": 62,
          "vlc": []
        },
        {
          "id": 63,
          "vlc": []
        },
        {
          "id": 64,
          "vlc": []
        },
        {
          "id": 65,
          "vlc": []
        },
        {
          "id": 66,
          "vlc": []
        },
        {
          "id": 67,
          "vlc": []
        },
        {
          "id": 68,
          "vlc": []
        }
      ]
    }
  ]
}