{
  "ans": [
    {
      "scID": 0,
      "id": 1,
      "det": [
        {
          "label": "WEAPONS_USAGE",
          "sev": "Moderate",
          "scr": 55,
          "rsn": "Описание использования оружия (ножницы, заколки, шпильки, пинцет) в сцене.",
          "adv": "Сократить детализацию и убрать названия конкретных предметов.",
          "ok": true,
          "suggest": null
        }
      ]
    },
    {
      "scID": 0,
      "id": 5,
      "det": [
        {
          "label": "CRIME_INSTRUCTIONS",
          "sev": "Severe",
          "scr": 95,
          "rsn": "Инструкция к совершению преступления (считать часы до смерти).",
          "adv": "Убрать инструкцию, заменить на более нейтральный диалог.",
          "ok": false,
          "suggest": "CRIME_INSTRUCTIONS_REMOVE"
        }
      ]
    },
    {
      "scID": 1,
      "id": 4,
      "det": [
        {
          "label": "MILD_CONFLICT",
          "sev": "Mild",
          "scr": 25,
          "rsn": "Небольшой конфликт без насилия.",
          "adv": "Сохранить, но избегать агрессивных выражений.",
          "ok": true,
          "suggest": null
        }
      ]
    }
  ]
}