{
  "ans": [
    {
      "scID": 33,
      "id": 0,
      "det": [
        {
          "label": "VIOLENCE_NON_GRAPHIC",
          "sev": "Mild",
          "scr": 40,
          "rsn": "Сцена содержит агрессивное поведение без крови и насилия.",
          "adv": "Уменьшить интенсивность рычания, добавить диалог для смягчения.",
          "ok": true,
          "suggest": null
        },
        {
          "label": "MILD_CONFLICT",
          "sev": "Mild",
          "scr": 25,
          "rsn": "Небольшой конфликт без насилия.",
          "adv": "Сократить количество конфликтных действий, добавить объяснение причин.",
          "ok": true,
          "suggest": null
        }
      ]
    },
    {
      "scID": 33,
      "id": 1,
      "det": [
        {
          "label": "VIOLENCE_NON_GRAPHIC",
          "sev": "Mild",
          "scr": 40,
          "rsn": "Сцена содержит агрессивное поведение без крови и насилия.",
          "adv": "Уменьшить интенсивность рычания, добавить диалог для смягчения.",
          "ok": true,
          "suggest": null
        },
        {
          "label": "MILD_CONFLICT",
          "sev": "Mild",
          "scr": 25,
          "rsn": "Небольшой конфликт без насилия.",
          "adv": "Сократить количество конфликтных действий, добавить объяснение причин.",
          "ok": true,
          "suggest": null
        },
        {
          "label": "WEAPONS_USAGE",
          "sev": "Moderate",
          "scr": 55,
          "rsn": "Появление оружия (бита) в сцене, но без инструкций по применению.",
          "adv": "Убедиться, что оружие не используется для насилия, убрать инструкцию.",
          "ok": true,
          "suggest": null
        }
      ]
    },
    {
      "scID": 34,
      "id": 1,
      "det": [
        {
          "label": "MILD_CONFLICT",
          "sev": "Mild",
          "scr": 25,
          "rsn": "Небольшой конфликт без насилия.",
          "adv": "Сократить количество конфликтных действий, добавить объяснение причин.",
          "ok": true,
          "suggest": null
        }
      ]
    }
  ]
}