{
  "ans": [
    {
      "scID": 26,
      "id": 21,
      "det": [
        {
          "label": "WEAPONS_USAGE",
          "sev": "Moderate",
          "scr": 55,
          "rsn": "Использование баллончика как оружия без графического описания.",
          "adv": "Сократить частоту сцен с оружием, избегать его демонстрации в агрессивном контексте.",
          "ok": true,
          "suggest": null
        },
        {
          "label": "VIOLENCE_NON_GRAPHIC",
          "sev": "Mild",
          "scr": 40,
          "rsn": "Незначительное насилие без крови и графики.",
          "adv": "Избегать описания причинения боли, ограничить сцены агрессии.",
          "ok": true,
          "suggest": null
        }
      ]
    },
    {
      "scID": 27,
      "id": 0,
      "det": [
        {
          "label": "MILD_CONFLICT",
          "sev": "Mild",
          "scr": 25,
          "rsn": "Небольшой конфликт без насилия и крови.",
          "adv": "Уменьшить количество конфликтных сцен, избегать агрессивного поведения.",
          "ok": true,
          "suggest": null
        }
      ]
    },
    {
      "scID": 28,
      "id": 9,
      "det": [
        {
          "label": "CRIME_INSTRUCTIONS",
          "sev": "Severe",
          "scr": 95,
          "rsn": "Инструкции к совершению преступления (уничтожить корабль).",
          "adv": "Удалить все инструкции, связанные с преступлением.",
          "ok": false,
          "suggest": "CRIME_INSTRUCTIONS_REMOVE"
        },
        {
          "label": "MURDER_HOMICIDE",
          "sev": "Severe",
          "scr": 70,
          "rsn": "Указание на убийство всех людей.",
          "adv": "Удалить сцены и фразы, содержащие указания на убийство.",
          "ok": false,
          "suggest": "MURDER_HOMICIDE_REMOVE"
        }
      ]
    }
  ]
}