{
  "scene_results": [
    {
      "scID": 6,
      "snt": [
        {
          "id": 0,
          "vlc": []
        },
        {
          "id": 1,
          "vlc": []
        },
        {
          "id": 2,
          "vlc": []
        },
        {
          "id": 3,
          "vlc": [
            {
              "label": "MILD_CONFLICT",
              "conf": 80
            }
          ]
        },
        {
          "id": 4,
          "vlc": [
            {
              "label": "CRIMINAL_ACTIVITY",
              "conf": 85
            }
          ]
        },
        {
          "id": 5,
          "vlc": []
        },
        {
          "id": 6,
          "vlc": []
        },
        {
          "id": 7,
          "vlc": [
            {
              "label": "MILD_CONFLICT",
              "conf": 80
            }
          ]
        },
        {
          "id": 8,
          "vlc": []
        },
        {
          "id": 9,
          "vlc": []
        },
        {
          "id": 10,
          "vlc": []
        },
        {
          "id": 11,
          "vlc": []
        },
        {
          "id": 12,
          "vlc": []
        },
        {
          "id": 13,
          "vlc": []
        },
        {
          "id": 14,
          "vlc": []
        },
        {
          "id": 15,
          "vlc": []
        },
        {
          "id": 16,
          "vlc": []
        },
        {
          "id": 17,
          "vlc": []
        },
        {
          "id": 18,
          "vlc": []
        },
        {
          "id": 19,
          "vlc": []
        },
        {
          "id": 20,
          "vlc": []
        },
        {
          "id": 21,
          "vlc": []
        },
        {
          "id": 22,
          "vlc": []
        },
        {
          "id": 23,
          "vlc": []
        },
        {
          "id": 24,
          "vlc": []
        },
        {
          "id": 25,
          "vlc": []
        },
        {
          "id": 26,
          "vlc": []
        },
        {
          "id": 27,
          "vlc": []
        },
        {
          "id": 28,
          "vlc": []
        },
        {
          "id": 29,
          "vlc": []
        },
        {
          "id": 30,
          "vlc": []
        },
        {
          "id": 31,
          "vlc": []
        },
        {
          "id": 32,
          "vlc": []
        },
        {
          "id": 33,
          "vlc": []
        },
        {
          "id": 34,
          "vlc": [
            {
              "label": "CRIMINAL_ACTIVITY",
              "conf": 85
            }
          ]
        },
        {
          "id": 35,
          "vlc": []
        },
        {
          "id": 36,
          "vlc": []
        },
        {
          "id": 37,
          "vlc": []
        },
        {
          "id": 38,
          "vlc": []
        },
        {
          "id": 39,
          "vlc": []
        },
        {
          "id": 40,
          "vlc": []
        },
        {
          "id": 41,
          "vlc": []
        },
        {
          "id": 42,
          "vlc": []
        },
        {
          "id": 43,
          "vlc": []
        },
        {
          "id": 44,
          "vlc": []
        },
        {
          "id": 45,
          "vlc": []
        },
        {
          "id": 46,
          "vlc": [
            {
              "label": "MILD_CONFLICT",
              "conf": 80
            }
          ]
        }
      ]
    }
  ]
}