{
  "ans": [
    {
      "scID": 18,
      "id": 1,
      "det": [
        {
          "label": "MILD_CONFLICT",
          "sev": "Mild",
          "scr": 25,
          "rsn": "Небольшой конфликт без насилия, описывающий пожар в окне.",
          "adv": "Можно оставить как есть.",
          "ok": true,
          "suggest": null
        }
      ]
    },
    {
      "scID": 19,
      "id": 4,
      "det": [
        {
          "label": "MILD_CONFLICT",
          "sev": "Mild",
          "scr": 25,
          "rsn": "Небольшой конфликт без насилия, описывающий действие с кристальным шаром.",
          "adv": "Можно оставить как есть.",
          "ok": true,
          "suggest": null
        }
      ]
    },
    {
      "scID": 20,
      "id": 1,
      "det": [
        {
          "label": "MILD_CONFLICT",
          "sev": "Mild",
          "scr": 25,
          "rsn": "Небольшой конфликт без насилия, описывающий звонок телефона.",
          "adv": "Можно оставить как есть.",
          "ok": true,
          "suggest": null
        }
      ]
    }
  ]
}