{
  "ans": [
    {
      "scID": 13,
      "id": 14,
      "det": []
    },
    {
      "scID": 13,
      "id": 19,
      "det": []
    },
    {
      "scID": 15,
      "id": 4,
      "det": [
        {
          "label": "MILD_CONFLICT",
          "sev": "Mild",
          "scr": 25,
          "rsn": "Небольшой конфликт между персонажами, без насилия и угроз.",
          "adv": "Уменьшить напряженность, добавить диалог для прояснения причин.",
          "ok": true,
          "suggest": null
        }
      ]
    }
  ]
}