{
  "ans": [
    {
      "scID": 25,
      "id": 0,
      "det": [
        {
          "label": "SEX_SUGGESTIVE",
          "sev": "Moderate",
          "scr": 60,
          "rsn": "Содержит сексуально-намёки без явного описания",
          "adv": "Можно оставить, но избегать излишних намёков",
          "ok": true,
          "suggest": null
        }
      ]
    },
    {
      "scID": 25,
      "id": 6,
      "det": [
        {
          "label": "SEX_SUGGESTIVE",
          "sev": "Moderate",
          "scr": 60,
          "rsn": "Содержит сексуально-намёки без явного описания",
          "adv": "Можно оставить, но избегать излишних намёков",
          "ok": true,
          "suggest": null
        }
      ]
    }
  ]
}