{
  "scene_results": [
    {
      "scID": 24,
      "snt": [
        {
          "id": 0,
          "vlc": []
        },
        {
          "id": 1,
          "vlc": []
        },
        {
          "id": 2,
          "vlc": []
        },
        {
          "id": 3,
          "vlc": []
        },
        {
          "id": 4,
          "vlc": []
        },
        {
          "id": 5,
          "vlc": []
        },
        {
          "id": 6,
          "vlc": []
        },
        {
          "id": 7,
          "vlc": [
            {
              "label": "MILD_CONFLICT",
              "conf": 70
            }
          ]
        },
        {
          "id": 8,
          "vlc": []
        },
        {
          "id": 9,
          "vlc": []
        },
        {
          "id": 10,
          "vlc": []
        },
        {
          "id": 11,
          "vlc": []
        },
        {
          "id": 12,
          "vlc": [
            {
              "label": "MURDER_HOMICIDE",
              "conf": 90
            }
          ]
        },
        {
          "id": 13,
          "vlc": []
        },
        {
          "id": 14,
          "vlc": []
        },
        {
          "id": 15,
          "vlc": []
        },
        {
          "id": 16,
          "vlc": [
            {
              "label": "CRIME_INSTRUCTIONS",
              "conf": 80
            }
          ]
        },
        {
          "id": 17,
          "vlc": []
        },
        {
          "id": 18,
          "vlc": []
        },
        {
          "id": 19,
          "vlc": [
            {
              "label": "MURDER_HOMICIDE",
              "conf": 95
            }
          ]
        },
        {
          "id": 20,
          "vlc": []
        },
        {
          "id": 21,
          "vlc": []
        },
        {
          "id": 22,
          "vlc": []
        },
        {
          "id": 23,
          "vlc": []
        },
        {
          "id": 24,
          "vlc": []
        },
        {
          "id": 25,
          "vlc": []
        },
        {
          "id": 26,
          "vlc": []
        },
        {
          "id": 27,
          "vlc": []
        },
        {
          "id": 28,
          "vlc": []
        },
        {
          "id": 29,
          "vlc": []
        },
        {
          "id": 30,
          "vlc": []
        },
        {
          "id": 31,
          "vlc": []
        },
        {
          "id": 32,
          "vlc": [
            {
              "label": "CRIMINAL_ACTIVITY",
              "conf": 85
            }
          ]
        },
        {
          "id": 33,
          "vlc": [
            {
              "label": "VIOLENCE_NON_GRAPHIC",
              "conf": 90
            }
          ]
        },
        {
          "id": 34,
          "vlc": []
        }
      ]
    }
  ],
  "reason": "Сцена содержит обвинения в убийстве и краже, а также физическое насилие, поэтому применены соответствующие метки. Для остальных предложений нет явных признаков конфликтов или нарушений.",
  "advice": "При дальнейшей работе с текстом стоит уделять внимание контексту обвинений, чтобы корректно классифицировать степень угрозы и возможные юридические последствия."
}