{
  "ans": [
    {
      "scID": 22,
      "id": 1,
      "det": [
        {
          "label": "SEX_SUGGESTIVE",
          "sev": "Moderate",
          "scr": 60,
          "rsn": "Содержит сексуальные намёки без явного описания.",
          "adv": "Уменьшить количество сексуальных намёков или уточнить контекст.",
          "ok": false,
          "suggest": "REDUCE_SEXUAL_CONTENT"
        }
      ]
    },
    {
      "scID": 22,
      "id": 7,
      "det": [
        {
          "label": "SEX_SUGGESTIVE",
          "sev": "Moderate",
          "scr": 60,
          "rsn": "Содержит сексуальные намёки без явного описания.",
          "adv": "Уменьшить количество сексуальных намёков или уточнить контекст.",
          "ok": false,
          "suggest": "REDUCE_SEXUAL_CONTENT"
        }
      ]
    },
    {
      "scID": 24,
      "id": 6,
      "det": [
        {
          "label": "MILD_CONFLICT",
          "sev": "Mild",
          "scr": 25,
          "rsn": "Небольшой конфликт без насилия.",
          "adv": "Уточнить, чтобы конфликт не переходил в агрессию.",
          "ok": true,
          "suggest": null
        }
      ]
    }
  ]
}