{
  "ans": [
    {
      "scID": 7,
      "id": 10,
      "det": []
    },
    {
      "scID": 8,
      "id": 12,
      "det": []
    },
    {
      "scID": 9,
      "id": 12,
      "det": [
        {
          "label": "CRIMINAL_ACTIVITY",
          "sev": "Moderate",
          "scr": 60,
          "rsn": "Упоминание о краже камней, что является преступной деятельностью.",
          "adv": "Уточнить контекст и убедиться, что не дается инструкции к совершению преступления.",
          "ok": true,
          "suggest": null
        }
      ]
    }
  ]
}