{
  "scene_results": [
    {
      "scID": 35,
      "snt": [
        {
          "id": 0,
          "vlc": [
            {
              "label": "MILD_CONFLICT",
              "conf": 80
            }
          ]
        }
      ]
    }
  ],
  "reason": "Все предложения нейтральны; в предложении 0 персонаж «ИНОСЕМЁНОВ» смотрит зло, что указывает на потенциальный конфликт. Поэтому назначен ярлык MILD_CONFLICT с высокой уверенностью.",
  "advice": "При анализе подобных сцен обращайте внимание на невербальные сигналы (выражение лица, взгляд), которые могут сигнализировать о скрытом конфликте даже при отсутствии явных действий."
}