{
  "ans": [
    {
      "scID": 4,
      "id": 27,
      "det": [
        {
          "label": "VIOLENCE_NON_GRAPHIC",
          "sev": "Mild",
          "scr": 40,
          "rsn": "Описание насилия без крови и натурализма.",
          "adv": "Можно оставить без изменений.",
          "ok": true,
          "suggest": null
        }
      ]
    },
    {
      "scID": 4,
      "id": 37,
      "det": [
        {
          "label": "DANGEROUS_IMITABLE_ACTS",
          "sev": "Severe",
          "scr": 80,
          "rsn": "Показана опасная деятельность, которую зритель может попытаться воспроизвести.",
          "adv": "Рассмотреть удаление сцены.",
          "ok": true,
          "suggest": "REMOVE"
        }
      ]
    }
  ]
}