{
  "ans": [
    {
      "scID": 29,
      "id": 12,
      "det": [
        {
          "label": "ALCOHOL_USE",
          "sev": "Mild",
          "scr": 40,
          "rsn": "Наличие употребления алкоголя в сцене.",
          "adv": "Умеренное употребление алкоголя допустимо, но стоит избегать излишнего количества.",
          "ok": true,
          "suggest": null
        }
      ]
    },
    "{\"scID\":30,\"id\":3,\"det\":[{\"label\":\"MILD_CONFLICT\",\"sev\":\"Mild\",\"scr\":25,\"rsn\":\"Небольшой конфликт без насилия.\",\"adv\":\"Сцену можно оставить, но убедитесь, что конфликт не приводит к насилию.\",\"ok\":true,\"suggest\":null}]}",
    "{\"scID\":31,\"id\":6,\"det\":[{\"label\":\"DRUGS_MENTION_NON_DETAILED\",\"sev\":\"Mild\",\"scr\":45,\"rsn\":\"Упоминание наркотиков без подробного описания.\",\"adv\":\"Такое упоминание нарушает правила; рекомендуется удалить или заменить.\",\"ok\":false,\"suggest\":\"DRUGS_MENTION_NON_DETAILED/REMOVE\"}]}"
  ]
}