{
  "scene_results": [
    {
      "scID": 15,
      "snt": [
        {
          "id": 0,
          "vlc": []
        },
        {
          "id": 1,
          "vlc": []
        },
        {
          "id": 2,
          "vlc": []
        },
        {
          "id": 3,
          "vlc": []
        },
        {
          "id": 4,
          "vlc": [
            {
              "label": "MILD_CONFLICT",
              "conf": 80
            }
          ]
        },
        {
          "id": 5,
          "vlc": []
        },
        {
          "id": 6,
          "vlc": []
        },
        {
          "id": 7,
          "vlc": []
        },
        {
          "id": 8,
          "vlc": []
        },
        {
          "id": 9,
          "vlc": []
        },
        {
          "id": 10,
          "vlc": []
        },
        {
          "id": 11,
          "vlc": []
        },
        {
          "id": 12,
          "vlc": []
        },
        {
          "id": 13,
          "vlc": []
        },
        {
          "id": 14,
          "vlc": []
        },
        {
          "id": 15,
          "vlc": []
        },
        {
          "id": 16,
          "vlc": []
        }
      ]
    }
  ]
}