[
  {
    "age_rating": "0+",
    "description": "Контент предназначен для самой молодой аудитории — детей до 6 лет. Запрещено все, что может напугать, причинить вред здоровью или развитию ребенка, включая физическое, психическое, духовное и нравственное. Разрешено только эпизодическое ненатуралистичное изображение или описание физического и (или) психического насилия (за исключением сексуального насилия), оправданное жанром либо сюжетом, при обязательном выражении сострадания к жертве и (или) отрицательного отношения к жестокости, насилию (за исключением насилия, применяемого в случаях защиты прав граждан и охраняемых законом интересов общества или государства). Должно подчеркиваться торжество добра над злом.",
    "prohibitions": [
      {
        "category": "Violence_Gore",
        "details": "Запрещено любое насилие, кроме эпизодического, ненатуралистического, где добро побеждает зло, и выражается сострадание к жертве. Запрещены изображения или описания физического и (или) психического насилия, если они не оправданы жанром и эксплуатируют интерес к насилию. Запрещено оправдание насилия или жестокости, включая натуралистическое изображение процесса насилия, последствий (ран, крови, смерти). Запрещено побуждение к самоубийству, самоповреждению или действиям, угрожающим жизни и здоровью. Запрещена информация, оправдывающая противоправное поведение, включая насилие над животными.",
        "trigger_labels": ["VIOLENCE_GRAPHIC", "VIOLENCE_NON_GRAPHIC", "MURDER_HOMICIDE", "MEDICAL_GORE_DETAILS", "SUICIDE_SELF_HARM"]
      },
      {
        "category": "Sex_Nudity",
        "details": "Полностью запрещен любой контент сексуального характера, включая изображения или описания половых отношений между мужчиной и женщиной, обнаженного человеческого тела, сексуального насилия, порнографии. Запрещена пропаганда нетрадиционных сексуальных отношений, педофилии, смены пола, а также информация, побуждающая к действиям сексуального характера или эксплуатирующая интерес к сексу. Запрещено отрицание семейных ценностей, включая пропаганду отказа от рождения детей или неуважения к родителям.",
        "trigger_labels": ["SEX_EXPLICIT", "SEX_SUGGESTIVE", "SEXUAL_VIOLENCE", "NUDITY_EXPLICIT", "NUDITY_NONSEXUAL"]
      },
      {
        "category": "Alcohol_Drugs_Smoking",
        "details": "Полностью запрещены упоминания, изображения или описания наркотических средств, психотропных веществ, их аналогов, наркосодержащих растений, алкоголя, табака, никотинсодержащей продукции, включая поощрение их употребления, демонстрацию процесса употребления или изготовления. Запрещено вызывать желание употреблять вещества, а также информация о последствиях употребления без осуждения и указания на вред.",
        "trigger_labels": ["DRUGS_USE_DEPICTION", "DRUGS_MENTION_NON_DETAILED", "ALCOHOL_USE", "TOBACCO_USE"]
      },
      {
        "category": "Profanity",
        "details": "Полностью запрещена нецензурная брань или любые грубые выражения, включая бранные слова, не относящиеся к нецензурной брани, а также информация, выражающая явное неуважение к обществу, государству или официальным символам Российской Федерации, оскорбляющая человеческое достоинство либо общественную нравственность.",
        "trigger_labels": ["PROFANITY_OBSCENE"]
      },
      {
        "category": "Crime",
        "details": "Запрещено оправдание или поощрение противоправных действий, включая преступления, проституцию, бродяжничество, попрошайничество. Запрещено побуждение к действиям, угрожающим жизни или здоровью, а также информация, оправдывающая противоправное поведение или отрицающая его недопустимость. Запрещено изображение антиобщественных действий без осуждения.",
        "trigger_labels": ["CRIME_INSTRUCTIONS", "CRIMINAL_ACTIVITY"]
      },
      {
        "category": "Weapons",
        "details": "Запрещены изображения или описания использования оружия, если они побуждают к насилию или противоправным действиям, оправдывают жестокость или эксплуатируют интерес к оружию без осуждения. Запрещено поощрение приобретения или использования оружия в противоправных целях.",
        "trigger_labels": ["WEAPONS_USAGE", "WEAPONS_MENTION"]
      },
      {
        "category": "Frightening_Intense",
        "details": "Запрещены любые изображения или описания, способные вызвать страх, ужас или панику у детей, включая сверхъестественные существа, катастрофы, болезни, несчастные случаи без натуралистических последствий. Запрещены опасные имитируемые действия, которые могут побудить детей к подражанию, угрожающему их жизни или здоровью. Запрещена информация о последствиях несчастных случаев или болезней, вызывающая страх.",
        "trigger_labels": ["HORROR_FEAR", "DANGEROUS_IMITABLE_ACTS"]
      },
      {
        "category": "Extremism_Ideology",
        "details": "Запрещено отрицание семейных ценностей, формирование неуважения к родителям, пропаганда отказа от деторождения, оскорбление человеческого достоинства, общественной нравственности. Запрещена информация, выражающая неуважение к обществу, пропаганда экстремизма, нацизма, фашизма, экстремистские символы, а также информация, побуждающая к массовым беспорядкам или противоправным действиям.",
        "trigger_labels": ["ABUSE_HATE_EXTREMISM", "EXTREMISM_PROPAGANDA", "NAZISM_PROPAGANDA", "FASCISM_PROPAGANDA", "EXTREMIST_SYMBOLS"]
      },
      {
        "category": "Gambling",
        "details": "Запрещено вызывать желание участвовать в азартных играх, включая описание или изображение азартных игр без осуждения и указания на вред. Запрещена пропаганда участия в азартных играх или попрошайничестве.",
        "trigger_labels": ["GAMBLING"]
      },
      {
        "category": "Other",
        "details": "Запрещен любой конфликт, кроме mild (мягкого), не вызывающего страха или паники. Запрещена информация о несовершеннолетних жертвах преступлений или несчастных случаев, продукция иностранных агентов, а также любая информация, причиняющая вред здоровью и развитию детей, не подпадающая под другие категории.",
        "trigger_labels": ["MILD_CONFLICT"]
      }
    ]
  },
  {
    "age_rating": "6+",
    "description": "Контент предназначен для детей, достигших 6 лет. Допускаются короткие, нереалистичные сцены без пугающих последствий. Разрешено кратковременное ненатуралистичное описание заболеваний (не тяжелых, кроме тяжелых болезней), несчастных случаев без демонстрации последствий, антиобщественные действия с осуждением и отрицательным отношением к ним. Разрешено эпизодическое изображение или описание антиобщественных действий без оправдания их допустимости и с выражением отрицательного отношения к таким действиям и (или) осуждения таких действий.",
    "prohibitions": [
      {
        "category": "Violence_Gore",
        "details": "Запрещено натуралистичное изображение насилия. Допускается кратковременное, нереалистичное насилие без демонстрации последствий (ран, крови). Запрещено сексуальное насилие, оправдание жестокости или exploitation интереса к насилию. Запрещено побуждение к самоубийству или вреду. Запрещены изображения или описания болезней человека (за исключением тяжелых заболеваний), несчастных случаев, аварий, катастроф, ненасильственной смерти без демонстрации их последствий, способных вызвать у детей страх, ужас или панику.",
        "trigger_labels": ["VIOLENCE_GRAPHIC", "VIOLENCE_NON_GRAPHIC", "MURDER_HOMICIDE", "MEDICAL_GORE_DETAILS", "SUICIDE_SELF_HARM"]
      },
      {
        "category": "Sex_Nudity",
        "details": "Полностью запрещен, включая любые намеки на половые отношения, обнаженное тело, порнографию, пропаганду нетрадиционных отношений, педофилии, смены пола. Запрещено описание половых отношений между мужчиной и женщиной, а также любая информация, эксплуатирующая интерес к сексу.",
        "trigger_labels": ["SEX_EXPLICIT", "SEX_SUGGESTIVE", "SEXUAL_VIOLENCE", "NUDITY_EXPLICIT", "NUDITY_NONSEXUAL"]
      },
      {
        "category": "Alcohol_Drugs_Smoking",
        "details": "Запрещена демонстрация употребления или поощрения алкоголя, табака, наркотиков, никотинсодержащей продукции. Запрещено упоминание веществ без осуждения и указания на вред. Запрещена информация, способная вызвать желание употреблять наркотические средства, психотропные вещества или их аналоги.",
        "trigger_labels": ["DRUGS_USE_DEPICTION", "DRUGS_MENTION_NON_DETAILED", "ALCOHOL_USE", "TOBACCO_USE"]
      },
      {
        "category": "Profanity",
        "details": "Полностью запрещена, включая бранные слова, не относящиеся к нецензурной брани. Запрещена информация, содержащая бранные слова и выражения.",
        "trigger_labels": ["PROFANITY_OBSCENE"]
      },
      {
        "category": "Crime",
        "details": "Запрещено оправдание преступлений. Допускается эпизодическое изображение с обязательным осуждением и отрицательным отношением. Запрещено побуждение к противоправным действиям, включая проституцию, бродяжничество, попрошайничество.",
        "trigger_labels": ["CRIME_INSTRUCTIONS", "CRIMINAL_ACTIVITY"]
      },
      {
        "category": "Weapons",
        "details": "Запрещены, если побуждают к насилию или преступлениям без осуждения. Запрещено изображение использования оружия в контексте оправдания насилия.",
        "trigger_labels": ["WEAPONS_USAGE", "WEAPONS_MENTION"]
      },
      {
        "category": "Frightening_Intense",
        "details": "Запрещены сцены, вызывающие ужас или панику, включая натуралистические последствия катастроф или болезней. Допускается ненатуралистичное без пугающих последствий. Запрещены опасные имитируемые действия, способные побудить к подражанию.",
        "trigger_labels": ["HORROR_FEAR", "DANGEROUS_IMITABLE_ACTS"]
      },
      {
        "category": "Extremism_Ideology",
        "details": "Запрещено отрицание семьи, пропаганда нетрадиционных отношений, оскорбление достоинства, экстремизм, нацизм, фашизм. Запрещена информация, выражающая неуважение к обществу или побуждающая к массовым беспорядкам.",
        "trigger_labels": ["ABUSE_HATE_EXTREMISM", "EXTREMISM_PROPAGANDA", "NAZISM_PROPAGANDA", "FASCISM_PROPAGANDA", "EXTREMIST_SYMBOLS"]
      },
      {
        "category": "Gambling",
        "details": "Запрещено поощрение азартных игр, включая описание или изображение без осуждения.",
        "trigger_labels": ["GAMBLING"]
      },
      {
        "category": "Other",
        "details": "Запрещен конфликт, кроме эпизодического с осуждением. Запрещена информация о жертвах среди несовершеннолетних, продукция иностранных агентов, а также любая информация о последствиях, вызывающая страх.",
        "trigger_labels": ["MILD_CONFLICT"]
      }
    ]
  },
  {
    "age_rating": "12+",
    "description": "Контент предназначен для детей, достигших 12 лет. Допускается больше тем, но без натурализма и сексуального подтекста. Разрешено эпизодическое насилие без натурализма процесса, с состраданием к жертве; упоминание веществ с осуждением и указанием на вред; ненатуралистичное описание половых отношений между мужчиной и женщиной без эксплуатации интереса к сексу и без оскорбительного характера. Разрешено эпизодическое изображение или описание жестокости и (или) насилия (за исключением сексуального насилия) без натуралистического показа процесса убийства, нанесения тяжких телесных повреждений или иных увечий и их последствий при условии, что выражается сострадание к жертве и (или) отрицательное, осуждающее отношение к жестокости, насилию (за исключением насилия, применяемого в случаях защиты прав граждан и охраняемых законом интересов общества или государства).",
    "prohibitions": [
      {
        "category": "Violence_Gore",
        "details": "Запрещено натуралистичное изображение процесса убийства или нанесения увечий. Сцены насилия не должны быть центральными и должны сопровождаться состраданием к жертве. Запрещено сексуальное насилие, оправдание жестокости. Запрещено побуждение к самоубийству или самоповреждению. Запрещены изображения последствий насилия, способные вызвать страх.",
        "trigger_labels": ["VIOLENCE_GRAPHIC", "VIOLENCE_NON_GRAPHIC", "MURDER_HOMICIDE", "MEDICAL_GORE_DETAILS", "SUICIDE_SELF_HARM"]
      },
      {
        "category": "Sex_Nudity",
        "details": "Запрещено изображение половых актов, порнографии. Допускаются эпизодические ненатуралистичные изображения отношений без сексуального возбуждения или оскорбления. Запрещена пропаганда нетрадиционных, педофилии, смены пола. Запрещена информация, эксплуатирующая интерес к сексу.",
        "trigger_labels": ["SEX_EXPLICIT", "SEX_SUGGESTIVE", "SEXUAL_VIOLENCE", "NUDITY_EXPLICIT", "NUDITY_NONSEXUAL"]
      },
      {
        "category": "Alcohol_Drugs_Smoking",
        "details": "Запрещена демонстрация употребления. Допускаются эпизодические упоминания с осуждением и указанием на опасность. Запрещено поощрение употребления алкоголя, табака, наркотиков. Запрещена информация о наркотических средствах без осуждения.",
        "trigger_labels": ["DRUGS_USE_DEPICTION", "DRUGS_MENTION_NON_DETAILED", "ALCOHOL_USE", "TOBACCO_USE"]
      },
      {
        "category": "Profanity",
        "details": "Запрещена нецензурная брань и бранные слова. Запрещены грубые выражения, оскорбляющие достоинство.",
        "trigger_labels": ["PROFANITY_OBSCENE"]
      },
      {
        "category": "Crime",
        "details": "Запрещено оправдание или поощрение преступлений, без осуждения. Допускается изображение антиобщественных действий с отрицательным отношением. Запрещено побуждение к проституции, бродяжничеству.",
        "trigger_labels": ["CRIME_INSTRUCTIONS", "CRIMINAL_ACTIVITY"]
      },
      {
        "category": "Weapons",
        "details": "Запрещены, если оправдывают насилие или преступления без осуждения. Запрещено поощрение использования оружия в противоправных целях.",
        "trigger_labels": ["WEAPONS_USAGE", "WEAPONS_MENTION"]
      },
      {
        "category": "Frightening_Intense",
        "details": "Запрещены длительные сцены, вызывающие панику, натуралистические последствия. Запрещены опасные действия, побуждающие к подражанию.",
        "trigger_labels": ["HORROR_FEAR", "DANGEROUS_IMITABLE_ACTS"]
      },
      {
        "category": "Extremism_Ideology",
        "details": "Запрещено отрицание семьи, пропаганда нетрадиционных, оскорбление, экстремизм, нацизм. Запрещена пропаганда фашизма или экстремистских символов.",
        "trigger_labels": ["ABUSE_HATE_EXTREMISM", "EXTREMISM_PROPAGANDA", "NAZISM_PROPAGANDA", "FASCISM_PROPAGANDA", "EXTREMIST_SYMBOLS"]
      },
      {
        "category": "Gambling",
        "details": "Запрещено поощрение участия в азартных играх, включая описание без осуждения.",
        "trigger_labels": ["GAMBLING"]
      },
      {
        "category": "Other",
        "details": "Запрещен интенсивный конфликт. Запрещена информация о жертвах среди несовершеннолетних, продукция иностранных агентов.",
        "trigger_labels": ["MILD_CONFLICT"]
      }
    ]
  },
  {
    "age_rating": "16+",
    "description": "Контент предназначен для детей, достигших 16 лет. Допускается широкий круг тем, но с ограничениями на натурализм и грубость. Разрешено изображение несчастных случаев, аварий, катастроф, заболеваний, смерти без натуралистического показа их последствий; информация о веществах без демонстрации процесса употребления или изготовления; отдельные бранные слова, не относящиеся к нецензурной брани, без эксплуатации интереса к ним; описание половых отношений между мужчиной и женщиной без эксплуатации интереса к сексу и без оскорбительного характера. Разрешено эпизодическое изображение или описание жестокости и (или) насилия (за исключением сексуального насилия) без натуралистического показа процесса убийства, нанесения тяжких телесных повреждений или иных увечий и их последствий при условии, что выражается сострадание к жертве и (или) отрицательное, осуждающее отношение к жестокости, насилию.",
    "prohibitions": [
      {
        "category": "Violence_Gore",
        "details": "Запрещено натуралистичное (графичное) изображение насилия, болезней, увечий, смерти с демонстрацией кровавых или шокирующих деталей. Допускается эпизодическое насилие без натурализма процесса, с осуждением и состраданием. Запрещено сексуальное насилие, оправдание жестокости. Запрещено побуждение к самоубийству или самоповреждению.",
        "trigger_labels": ["VIOLENCE_GRAPHIC", "VIOLENCE_NON_GRAPHIC", "MURDER_HOMICIDE", "MEDICAL_GORE_DETAILS", "SUICIDE_SELF_HARM"]
      },
      {
        "category": "Sex_Nudity",
        "details": "Запрещено изображение половых актов, сексуального насилия, порнографии. Допускаются изображения отношений без эксплуатации интереса, оскорбления, без сексуальных действий. Запрещена пропаганда нетрадиционных, педофилии, смены пола.",
        "trigger_labels": ["SEX_EXPLICIT", "SEX_SUGGESTIVE", "SEXUAL_VIOLENCE", "NUDITY_EXPLICIT", "NUDITY_NONSEXUAL"]
      },
      {
        "category": "Alcohol_Drugs_Smoking",
        "details": "Запрещена демонстрация процесса изготовления или употребления. Допускается информация о последствиях с осуждением и указанием опасности. Запрещено поощрение употребления веществ.",
        "trigger_labels": ["DRUGS_USE_DEPICTION", "DRUGS_MENTION_NON_DETAILED", "ALCOHOL_USE", "TOBACCO_USE"]
      },
      {
        "category": "Profanity",
        "details": "Запрещена нецензурная брань. Допускаются отдельные бранные слова не относящиеся к нецензурной, не эксплуатирующие интерес. Запрещены грубые выражения как основная часть контента.",
        "trigger_labels": ["PROFANITY_OBSCENE"]
      },
      {
        "category": "Crime",
        "details": "Запрещено оправдание противоправных действий или поощрение к ним. Запрещено изображение преступлений без осуждения.",
        "trigger_labels": ["CRIME_INSTRUCTIONS", "CRIMINAL_ACTIVITY"]
      },
      {
        "category": "Weapons",
        "details": "Запрещены, если побуждают к насилию без осуждения. Запрещено поощрение использования оружия в преступлениях.",
        "trigger_labels": ["WEAPONS_USAGE", "WEAPONS_MENTION"]
      },
      {
        "category": "Frightening_Intense",
        "details": "Запрещены чрезмерно шокирующие сцены, эксплуатирующие страх, натуралистические последствия, вызывающие панику. Допускается без натурализма.",
        "trigger_labels": ["HORROR_FEAR", "DANGEROUS_IMITABLE_ACTS"]
      },
      {
        "category": "Extremism_Ideology",
        "details": "Запрещено отрицание семьи, пропаганда нетрадиционных, оскорбление, экстремизм, нацизм, фашизм. Запрещены экстремистские символы и пропаганда.",
        "trigger_labels": ["ABUSE_HATE_EXTREMISM", "EXTREMISM_PROPAGANDA", "NAZISM_PROPAGANDA", "FASCISM_PROPAGANDA", "EXTREMIST_SYMBOLS"]
      },
      {
        "category": "Gambling",
        "details": "Запрещено поощрение азартных игр, включая пропаганду участия.",
        "trigger_labels": ["GAMBLING"]
      },
      {
        "category": "Other",
        "details": "Запрещена информация о жертвах среди несовершеннолетних, продукция иностранных агентов. Допускается mild conflict с осуждением. Запрещена любая информация, причиняющая вред развитию.",
        "trigger_labels": ["MILD_CONFLICT"]
      }
    ]
  },
  {
    "age_rating": "18+",
    "description": "Контент запрещен для распространения среди детей до 18 лет. Содержит информацию, причиняющую вред здоровью и развитию детей всех возрастных категорий, включая запрещенную информацию по статье 5 части 2 закона. Нет ограничений для взрослых, но запрещен для распространения среди детей. Такие продукты не допускаются к обороту среди детей, и их распространение регулируется специальными правилами (например, в запечатанной упаковке).",
    "prohibitions": [
      {
        "category": "General",
        "details": "Включает все запрещенное для младших возрастов: побуждение к вредным действиям, поощрение веществ, оправдание насилия, сексуальное насилие, порнография, нецензурная брань, отрицание семейных ценностей, пропаганда нетрадиционных отношений, педофилии, смены пола, отказа от деторождения, оскорбление достоинства, информация о жертвах среди несовершеннолетних, продукция иностранных агентов. Запрещена информация, способная вызвать желание совершать действия, угрожающие жизни и здоровью, включая суицид; поощряющая употребление веществ; оправдывающая насилие и жестокость; отрицающая семейные ценности; оправдывающая противоправное поведение; содержащая нецензурную брань; порнографическая. Полный запрет на оборот среди детей.",
        "trigger_labels": ["VIOLENCE_GRAPHIC", "VIOLENCE_NON_GRAPHIC", "MURDER_HOMICIDE", "SUICIDE_SELF_HARM", "SEX_EXPLICIT", "SEX_SUGGESTIVE", "SEXUAL_VIOLENCE", "NUDITY_EXPLICIT", "NUDITY_NONSEXUAL", "DRUGS_USE_DEPICTION", "DRUGS_MENTION_NON_DETAILED", "ALCOHOL_USE", "TOBACCO_USE", "CRIME_INSTRUCTIONS", "CRIMINAL_ACTIVITY", "WEAPONS_USAGE", "WEAPONS_MENTION", "PROFANITY_OBSCENE", "ABUSE_HATE_EXTREMISM", "HORROR_FEAR", "DANGEROUS_IMITABLE_ACTS", "MEDICAL_GORE_DETAILS", "GAMBLING", "MILD_CONFLICT", "EXTREMISM_PROPAGANDA", "NAZISM_PROPAGANDA", "FASCISM_PROPAGANDA", "EXTREMIST_SYMBOLS"]
      }
    ]
  }
]